"Order ID","Date","Order status","Shipping","Shipping Tax","OrderDiscount","ProductID","Item Name","Item Amount","Quantity","Email","Status",
"2","2015-04-17 20:08:04","Completed","0","0","0","117","Antique Victoria Set","17500","10","demo@dmeo.com","Pending",
"3","2015-04-18 17:06:08","Completed","0","0","0","10","American Diamond Kada","3495","10","ajayreddy5242@gmail.com","Pending",
"4","2015-04-18 17:07:06","Completed","0","0","0","10","American Diamond Kada","3495","10","seo@ambestmedia.com","Pending",
"5","2015-04-18 17:09:07","Completed","0","0","0","10","American Diamond Kada","3495","10","seo@ambestmedia.com","Pending",
"7","2015-04-22 10:59:06","Completed","0","0","0","12","American Diamond Kada","2250","10","webmaster@ambestmedia.com","Pending",
"8","2015-04-22 10:59:18","Completed","0","0","0","12","American Diamond Kada","2250","10","webmaster@ambestmedia.com","Pending",
"9","2015-04-23 09:46:46","Completed","0","0","0","41","American Diamond Necklace Set","62500","10","adfsgfs@dgh.com","Pending",
"11","2015-04-23 10:41:49","Completed","0","0","0","10","American Diamond Kada","3495","10","seo@ambestmedia.com","Pending",
"27","2015-04-25 18:00:29","Completed","0","0","0","2","American Diamond Bangle","2795","10","shah@gmail.com","Pending",
"29","2015-04-25 18:00:32","Completed","0","0","0","2","American Diamond Bangle","2795","10","shah@gmail.com","Pending",
"31","2015-04-25 18:05:39","Completed","0","0","0","2","American Diamond Bangle","2795","10","shah@gmail.com","Pending",
"33","2015-04-25 18:05:40","Completed","0","0","0","2","American Diamond Bangle","2795","10","shah@gmail.com","Pending",
"34","2015-04-25 19:31:54","Completed","0","0","0","11","American Diamond Kada","4095","10","cs@ambestmedia.com","Pending",
"35","2015-04-25 19:33:59","Completed","0","0","0","11","American Diamond Kada","4095","10","Testing@Testing.com","Pending",
"37","2015-04-26 08:44:40","Completed","0","0","0","4","American Diamond Bangle","5250","10","jagruti@wohlig.com","Pending",
"38","2015-04-26 08:49:32","Completed","0","0","0","1","American Diamond Bangle","2795","10","jagruti@wohlig.com","Pending",
"39","2015-04-26 08:51:35","Completed","0","0","0","1","American Diamond Bangle","2795","10","jagruti@wohlig.com","Pending",
"40","2015-04-26 08:53:15","Completed","0","0","0","1","American Diamond Bangle","2795","10","jhgj@gjh.com","Pending",
"41","2015-04-26 08:54:03","Completed","0","0","0","1","American Diamond Bangle","2795","10","jagruti@wohlig.com","Pending",
"42","2015-04-26 08:54:20","Completed","0","0","0","1","American Diamond Bangle","2795","10","jagruti@wohlig.com","Pending",
"43","2015-04-26 08:57:02","Completed","0","0","0","1","American Diamond Bangle","2795","10","jhgj@ljhkj.com","Pending",
"45","2015-04-26 09:22:49","Completed","0","0","0","1","American Diamond Bangle","2795","10","jhgjh@kjhkj.com","Pending",
"46","2015-04-26 16:56:34","Completed","0","0","0","1","American Diamond Bangle","2795","10","sdfas@kjhkkjhkj.com","Pending",
"47","2015-04-27 10:48:11","Completed","0","0","0","117","Antique Victoria Set","17500","10","seo@ambestmedia.com","Pending",
"48","2015-04-27 10:50:15","Completed","0","0","0","116","Antique Victoria Set","7850","10","seo@ambestmedia.com","Pending",
"49","2015-04-27 11:13:54","Completed","0","0","0","115","Antique Juda","1125","10","webmaster@ambestmedia.com","Pending",
"51","2015-04-27 12:04:02","Completed","0","0","0","119","Antique Victoria Set","45000","10","dmeo@dmoe.com","Pending",
"51","2015-04-27 12:04:02","Completed","0","0","0","118","Antique Victoria Set","28500","10","dmeo@dmoe.com","Pending",
"52","2015-04-27 16:06:51","Completed","0","0","0","5","American Diamond Bangle","2450","8","shn619@gmail.com","Pending",
"53","2015-04-27 16:09:11","Completed","0","0","0","5","American Diamond Bangle","2450","8","shn619@gmail.com","Pending",
"54","2015-04-27 16:09:12","Completed","0","0","0","5","American Diamond Bangle","2450","8","shn619@gmail.com","Pending",
"56","2015-04-27 16:19:10","Completed","0","0","0","5","American Diamond Bangle","2450","8","shn619@gmail.com","Pending",
"58","2015-04-27 16:21:15","Completed","0","0","0","5","American Diamond Bangle","2450","8","shn619@gmail","Pending",
"61","2015-04-27 16:21:19","Completed","0","0","0","5","American Diamond Bangle","2450","8","shn619@gmail","Pending",
"64","2015-04-27 16:21:20","Completed","0","0","0","5","American Diamond Bangle","2450","8","shn619@gmail","Pending",
"66","2015-04-27 16:21:20","Completed","0","0","0","5","American Diamond Bangle","2450","8","shn619@gmail","Pending",
"67","2015-04-27 16:21:21","Completed","0","0","0","5","American Diamond Bangle","2450","8","shn619@gmail","Pending",
"68","2015-04-27 16:21:22","Completed","0","0","0","5","American Diamond Bangle","2450","8","shn619@gmail","Pending",
"69","2015-04-27 16:23:22","Completed","0","0","0","5","American Diamond Bangle","2450","8","mcd@gmail.com","Pending",
"70","2015-04-27 16:28:29","Completed","0","0","0","5","American Diamond Bangle","2450","8","mcd@gmail.com","Pending",
"71","2015-04-29 13:09:09","Completed","0","0","0","221","Pearl Mala","11600","10","test@test.com","Pending",
"73","2015-04-30 11:28:53","Completed","0","0","0","2","American Diamond Bangle","2795","10","frmo@dmoe.com","Pending",
"73","2015-04-30 11:28:53","Completed","0","0","0","113","Antique Juda","2700","10","frmo@dmoe.com","Pending",
"75","2015-04-30 11:40:14","Completed","0","0","0","2","American Diamond Bangle","2795","10","mo@dmoe.com","Pending",
"75","2015-04-30 11:40:14","Completed","0","0","0","113","Antique Juda","2700","10","mo@dmoe.com","Pending",
"76","2015-04-30 11:41:59","Completed","0","0","0","2","American Diamond Bangle","2795","10","demo@dmoe.com","Pending",
"76","2015-04-30 11:41:59","Completed","0","0","0","113","Antique Juda","2700","10","demo@dmoe.com","Pending",
"77","2015-04-30 11:43:07","Completed","0","0","0","2","American Diamond Bangle","2795","10","demo@dmoe.com","Pending",
"77","2015-04-30 11:43:07","Completed","0","0","0","113","Antique Juda","2700","10","demo@dmoe.com","Pending",
"78","2015-04-30 11:43:44","Completed","0","0","0","2","American Diamond Bangle","2795","10","demo@demo.com","Pending",
"78","2015-04-30 11:43:44","Completed","0","0","0","113","Antique Juda","2700","10","demo@demo.com","Pending",
"79","2015-04-30 11:44:14","Completed","0","0","0","2","American Diamond Bangle","2795","10","dmo@dmoe.com","Pending",
"79","2015-04-30 11:44:14","Completed","0","0","0","113","Antique Juda","2700","10","dmo@dmoe.com","Pending",
"80","2015-04-30 11:45:02","Completed","0","0","0","2","American Diamond Bangle","2795","10","lk@dmoe.com","Pending",
"80","2015-04-30 11:45:02","Completed","0","0","0","113","Antique Juda","2700","10","lk@dmoe.com","Pending",
"81","2015-04-30 11:47:46","Completed","0","0","0","2","American Diamond Bangle","2795","10","mo@dmoe.com","Pending",
"81","2015-04-30 11:47:46","Completed","0","0","0","113","Antique Juda","2700","10","mo@dmoe.com","Pending",
"82","2015-04-30 11:50:01","Completed","0","0","0","2","American Diamond Bangle","2795","10","demo@dmoe.com","Pending",
"82","2015-04-30 11:50:01","Completed","0","0","0","113","Antique Juda","2700","10","demo@dmoe.com","Pending",
"83","2015-05-01 15:03:58","Completed","0","0","0","11","American Diamond Kada","4095","10","mahesj@wohlig.com","Pending",
"84","2015-05-05 12:19:38","Completed","0","0","0","10","American Diamond Kada","3495","10","seo@ambestmedia.com","Pending",
"85","2015-05-05 12:26:14","Completed","0","0","0","13","American Diamond Kada","4195","10","webmaster@ambestmedia.com","Pending",
"86","2015-05-05 16:17:29","Completed","0","0","0","7","American Diamond Finger Ring","2700","10","jagruti@wohlig.com","Pending",
"87","2015-05-05 16:18:33","Completed","0","0","0","7","American Diamond Finger Ring","2700","10","hgjhg@jhkjh.com","Pending",
"88","2015-05-05 16:26:59","Completed","0","0","0","7","American Diamond Finger Ring","2700","10","hgfhg@gjhg.com","Pending",
"89","2015-05-05 16:39:29","Completed","0","0","0","8","American Diamond Finger Ring","12500","10","shn619@gmail.com","Pending",
"90","2015-05-05 18:05:13","Completed","0","0","0","35","American Diamond Necklace set","26500","10","seo@ambestmedia.com","Pending",
"91","2015-05-05 18:33:25","Completed","0","0","0","7","American Diamond Finger Ring","2700","10","demo@demo.com","Pending",
"92","2015-05-05 18:34:01","Completed","0","0","0","7","American Diamond Finger Ring","2700","10","demo@demo.com","Pending",
"93","2015-05-06 11:02:46","Completed","0","0","0","200","Italian Earring","14650","10","webmaster@ambestmedia.com","Pending",
"94","2015-05-06 11:32:01","Completed","0","0","0","102","American Diamond Pendant Set","5995","10","test@test.com","Pending",
"95","2015-05-07 19:18:20","Completed","0","0","0","65","American Diamond Necklace Set","25000","9","girishrambhiya@hotmail.com","Pending",
"96","2015-05-07 19:33:09","Completed","0","0","0","116","Antique Victoria Set","7850","10","seo@ambestmedia.com","Pending",
"97","2015-05-08 17:50:17","Completed","0","0","0","117","Antique Victoria Set","17500","10","seo@ambestmedia.com","Pending",
"97","2015-05-08 17:50:17","Completed","0","0","0","11","American Diamond Kada","4095","10","seo@ambestmedia.com","Pending",
"98","2015-05-11 11:04:52","Completed","0","0","0","34","American Diamond Kada","5250","10","avinash@wohlig.com","Pending",
"98","2015-05-11 11:04:52","Completed","0","0","0","120","Antique Victoria Set","19500","8","avinash@wohlig.com","Pending",
"99","2015-05-11 11:36:12","Completed","0","0","0","158","Italian Earring","4500","10","avinash@wohlig.com","Pending",
"100","2015-05-11 11:38:26","Completed","0","0","0","7","American Diamond Finger Ring","2700","10","avinash@wohlig.com","Pending",
"101","2015-05-11 11:40:22","Completed","0","0","0","7","American Diamond Finger Ring","2700","10","avinash@wohlig.com","Pending",
"102","2015-05-11 11:59:52","Completed","0","0","0","158","Italian Earring","4500","10","avinash@wohlig.com","Pending",
"103","2015-05-11 12:12:45","Completed","0","0","0","7","American Diamond Finger Ring","2700","10","avinash@wohlig.com","Pending",
"104","2015-05-14 18:45:13","Completed","0","0","0","34","American Diamond Kada","5250","10","seo@ambestmedia.com","Pending",
"105","2015-05-14 18:52:00","Completed","0","0","0","34","American Diamond Kada","5250","10","webmaster@ambestmedia.com","Pending",
"106","2015-05-15 10:50:22","Completed","0","0","0","72","American Diamond Necklace Set","12500","8","avinash@wohlig.com","Pending",
"107","2015-05-15 10:52:30","Completed","0","0","0","72","American Diamond Necklace Set","12500","8","avinash@wohlig.com","Pending",
"108","2015-05-15 18:09:46","Completed","0","0","0","120","Antique Victoria Set","19500","8","shn619@gmail.com","Pending",
"109","2015-05-22 05:33:13","Completed","0","0","0","61","American Diamond Necklace Set","35000","10","bandlaj@yahoo.com","Pending",
"109","2015-05-22 05:33:13","Completed","0","0","0","66","American Diamond Necklace Set","45000","-27","bandlaj@yahoo.com","Pending",
"109","2015-05-22 05:33:13","Completed","0","0","0","70","American Diamond Necklace Set","8388","10","bandlaj@yahoo.com","Pending",
"109","2015-05-22 05:33:13","Completed","0","0","0","65","American Diamond Necklace Set","25000","9","bandlaj@yahoo.com","Pending",
"109","2015-05-22 05:33:13","Completed","0","0","0","42","American Diamond Necklace Set","41500","9","bandlaj@yahoo.com","Pending",
"109","2015-05-22 05:33:13","Completed","0","0","0","168","Italian Earring","14095","10","bandlaj@yahoo.com","Pending",
"109","2015-05-22 05:33:13","Completed","0","0","0","33","American Diamond Kada","14700","10","bandlaj@yahoo.com","Pending",
"109","2015-05-22 05:33:13","Completed","0","0","0","15","American Diamond Kada","11000","9","bandlaj@yahoo.com","Pending",
"110","2015-05-27 11:39:22","Completed","0","0","0","34","American Diamond Kada","5250","10","seo@ambestmedia.com","Pending",
"110","2015-05-27 11:39:22","Completed","0","0","0","19","American Diamond Kada","750","10","seo@ambestmedia.com","Pending",
"111","2015-05-27 11:40:54","Completed","0","0","0","19","American Diamond Kada","750","10","seo@ambestmedia.com","Pending",
"112","2015-05-28 13:10:49","Completed","0","0","0","34","American Diamond Kada","5250","10","seo@ambestmedia.com","Pending",
"112","2015-05-28 13:10:49","Completed","0","0","0","5","American Diamond Bangle","2450","8","seo@ambestmedia.com","Pending",
"112","2015-05-28 13:10:49","Completed","0","0","0","4","American Diamond Bangle","5250","10","seo@ambestmedia.com","Pending",
"112","2015-05-28 13:10:49","Completed","0","0","0","114","Antique Juda","1650","10","seo@ambestmedia.com","Pending",
"112","2015-05-28 13:10:49","Completed","0","0","0","112","Antique Juda","3700","10","seo@ambestmedia.com","Pending",
"112","2015-05-28 13:10:49","Completed","0","0","0","238","Pearl Mala","5095","10","seo@ambestmedia.com","Pending",
"112","2015-05-28 13:10:49","Completed","0","0","0","216","Micro Juda","850","10","seo@ambestmedia.com","Pending",
"114","2015-05-28 15:09:45","Completed","0","0","0","196","Italian Earring","25500","10","seo@ambestmedia.com","Pending",
"114","2015-05-28 15:09:45","Completed","0","0","0","73","American Diamond Necklace Set","35000","8","seo@ambestmedia.com","Pending",
"115","2015-05-28 15:21:11","Completed","0","0","0","66","American Diamond Necklace Set","45000","-27","seo@ambestmedia.com","Pending",
"116","2015-05-28 15:21:13","Completed","0","0","0","66","American Diamond Necklace Set","45000","-27","seo@ambestmedia.com","Pending",
"117","2015-05-28 15:21:14","Completed","0","0","0","66","American Diamond Necklace Set","45000","-27","seo@ambestmedia.com","Pending",
"118","2015-05-28 15:21:14","Completed","0","0","0","66","American Diamond Necklace Set","45000","-27","seo@ambestmedia.com","Pending",
"119","2015-05-28 15:21:16","Completed","0","0","0","66","American Diamond Necklace Set","45000","-27","seo@ambestmedia.com","Pending",
"120","2015-05-28 15:21:17","Completed","0","0","0","66","American Diamond Necklace Set","45000","-27","seo@ambestmedia.com","Pending",
"121","2015-05-28 15:21:18","Completed","0","0","0","66","American Diamond Necklace Set","45000","-27","seo@ambestmedia.com","Pending",
"122","2015-05-28 15:21:18","Completed","0","0","0","66","American Diamond Necklace Set","45000","-27","seo@ambestmedia.com","Pending",
"123","2015-05-28 15:21:19","Completed","0","0","0","66","American Diamond Necklace Set","45000","-27","seo@ambestmedia.com","Pending",
"124","2015-05-28 15:21:19","Completed","0","0","0","66","American Diamond Necklace Set","45000","-27","seo@ambestmedia.com","Pending",
"125","2015-05-28 15:21:19","Completed","0","0","0","66","American Diamond Necklace Set","45000","-27","seo@ambestmedia.com","Pending",
"126","2015-05-28 15:21:20","Completed","0","0","0","66","American Diamond Necklace Set","45000","-27","seo@ambestmedia.com","Pending",
"127","2015-05-28 15:21:22","Completed","0","0","0","66","American Diamond Necklace Set","45000","-27","seo@ambestmedia.com","Pending",
"128","2015-05-28 15:21:35","Completed","0","0","0","66","American Diamond Necklace Set","45000","-27","seo@ambestmedia.com","Pending",
"129","2015-05-28 15:21:35","Completed","0","0","0","66","American Diamond Necklace Set","45000","-27","seo@ambestmedia.com","Pending",
"130","2015-05-28 15:21:36","Completed","0","0","0","66","American Diamond Necklace Set","45000","-27","seo@ambestmedia.com","Pending",
"131","2015-05-28 15:21:36","Completed","0","0","0","66","American Diamond Necklace Set","45000","-27","seo@ambestmedia.com","Pending",
"132","2015-05-28 15:22:30","Completed","0","0","0","66","American Diamond Necklace Set","45000","-27","seo@ambestmedia.com","Pending",
"133","2015-05-28 15:22:30","Completed","0","0","0","66","American Diamond Necklace Set","45000","-27","seo@ambestmedia.com","Pending",
"134","2015-05-28 15:22:31","Completed","0","0","0","66","American Diamond Necklace Set","45000","-27","seo@ambestmedia.com","Pending",
"135","2015-05-28 15:22:31","Completed","0","0","0","66","American Diamond Necklace Set","45000","-27","seo@ambestmedia.com","Pending",
"136","2015-05-28 15:22:38","Completed","0","0","0","66","American Diamond Necklace Set","45000","-27","seo@ambestmedia.com","Pending",
"137","2015-05-28 15:22:39","Completed","0","0","0","66","American Diamond Necklace Set","45000","-27","seo@ambestmedia.com","Pending",
"138","2015-05-28 15:22:40","Completed","0","0","0","66","American Diamond Necklace Set","45000","-27","seo@ambestmedia.com","Pending",
"139","2015-05-28 15:22:40","Completed","0","0","0","66","American Diamond Necklace Set","45000","-27","seo@ambestmedia.com","Pending",
"140","2015-05-28 15:22:40","Completed","0","0","0","66","American Diamond Necklace Set","45000","-27","seo@ambestmedia.com","Pending",
"141","2015-05-28 15:22:42","Completed","0","0","0","66","American Diamond Necklace Set","45000","-27","seo@ambestmedia.com","Pending",
"143","2015-05-28 15:22:42","Completed","0","0","0","66","American Diamond Necklace Set","45000","-27","seo@ambestmedia.com","Pending",
"142","2015-05-28 15:22:42","Completed","0","0","0","66","American Diamond Necklace Set","45000","-27","seo@ambestmedia.com","Pending",
"144","2015-05-28 15:22:42","Completed","0","0","0","66","American Diamond Necklace Set","45000","-27","seo@ambestmedia.com","Pending",
"145","2015-05-28 15:22:43","Completed","0","0","0","66","American Diamond Necklace Set","45000","-27","seo@ambestmedia.com","Pending",
"146","2015-05-28 15:22:43","Completed","0","0","0","66","American Diamond Necklace Set","45000","-27","seo@ambestmedia.com","Pending",
"147","2015-05-28 15:22:44","Completed","0","0","0","66","American Diamond Necklace Set","45000","-27","seo@ambestmedia.com","Pending",
"148","2015-05-28 15:22:52","Completed","0","0","0","66","American Diamond Necklace Set","45000","-27","seo@ambestmedia.com","Pending",
"149","2015-05-28 15:22:54","Completed","0","0","0","66","American Diamond Necklace Set","45000","-27","seo@ambestmedia.com","Pending",
"150","2015-05-28 15:22:54","Completed","0","0","0","66","American Diamond Necklace Set","45000","-27","seo@ambestmedia.com","Pending",
"151","2015-05-28 15:37:12","Completed","0","0","0","196","Italian Earring","25500","10","seo@ambestmedia.com","Pending",
"151","2015-05-28 15:37:12","Completed","0","0","0","73","American Diamond Necklace Set","35000","8","seo@ambestmedia.com","Pending",
"151","2015-05-28 15:37:12","Completed","0","0","0","34","American Diamond Kada","5250","10","seo@ambestmedia.com","Pending",
"151","2015-05-28 15:37:12","Completed","0","0","0","207","Italian Finger Ring","2450","10","seo@ambestmedia.com","Pending",
"152","2015-05-28 16:12:31","Completed","0","0","0","122","Bridal Bangle","1650","10","seo@ambestmedia.com","Pending",
"153","2015-05-28 16:18:20","Completed","0","0","0","122","Bridal Bangle","1650","10","seo@ambestmedia.com","Pending",
"154","2015-05-28 16:25:04","Completed","0","0","0","122","Bridal Bangle","1650","10","seo@ambestmedia.com","Delivered",
"157","2015-05-29 16:02:08","Completed","0","0","0","8","American Diamond Finger Ring","12500","10","shj@gmail.com","Pending",
"158","2015-05-29 16:02:09","Completed","0","0","0","8","American Diamond Finger Ring","12500","10","shj@gmail.com","Pending",
"160","2015-05-29 16:02:10","Completed","0","0","0","8","American Diamond Finger Ring","12500","10","shj@gmail.com","Pending",
"162","2015-05-29 16:02:16","Completed","0","0","0","8","American Diamond Finger Ring","12500","10","shj@gmail.com","Pending",
"164","2015-05-29 16:02:20","Completed","0","0","0","8","American Diamond Finger Ring","12500","10","shj@gmail.com","Pending",
"166","2015-05-29 16:03:03","Completed","0","0","0","8","American Diamond Finger Ring","12500","10","shj@gmail.com","Pending",
"168","2015-05-29 16:03:06","Completed","0","0","0","8","American Diamond Finger Ring","12500","10","shj@gmail.com","Pending",
"170","2015-05-29 16:03:07","Completed","0","0","0","8","American Diamond Finger Ring","12500","10","shj@gmail.com","Pending",
"172","2015-05-29 16:03:23","Completed","0","0","0","8","American Diamond Finger Ring","12500","10","shj@gmail.com","Pending",
"177","2015-05-29 16:22:58","Completed","0","0","0","8","American Diamond Finger Ring","12500","10","as@gmail.com","Pending",
"180","2015-05-29 16:23:00","Completed","0","0","0","8","American Diamond Finger Ring","12500","10","as@gmail.com","Pending",
"183","2015-05-29 16:23:13","Completed","0","0","0","8","American Diamond Finger Ring","12500","10","as@gmail.com","Pending",
"186","2015-05-29 16:23:14","Completed","0","0","0","8","American Diamond Finger Ring","12500","10","as@gmail.com","Pending",
"187","2015-05-29 16:23:14","Completed","0","0","0","8","American Diamond Finger Ring","12500","10","as@gmail.com","Pending",
"188","2015-05-29 16:23:14","Completed","0","0","0","8","American Diamond Finger Ring","12500","10","as@gmail.com","Pending",
"189","2015-05-29 16:23:14","Completed","0","0","0","8","American Diamond Finger Ring","12500","10","as@gmail.com","Pending",
"190","2015-05-29 16:23:15","Completed","0","0","0","8","American Diamond Finger Ring","12500","10","as@gmail.com","Pending",
"192","2015-05-29 16:23:16","Completed","0","0","0","8","American Diamond Finger Ring","12500","10","as@gmail.com","Pending",
"193","2015-05-29 16:23:17","Completed","0","0","0","8","American Diamond Finger Ring","12500","10","as@gmail.com","Pending",
"194","2015-05-29 16:23:17","Completed","0","0","0","8","American Diamond Finger Ring","12500","10","as@gmail.com","Pending",
"204","2015-05-29 16:26:12","Completed","0","0","0","8","American Diamond Finger Ring","12500","10","shsj@gmail.com","Pending",
"204","2015-05-29 16:26:12","Completed","0","0","0","9","American Diamond Finger Ring","2500","10","shsj@gmail.com","Pending",
"206","2015-05-29 16:26:12","Completed","0","0","0","8","American Diamond Finger Ring","12500","10","shsj@gmail.com","Pending",
"207","2015-05-29 16:26:12","Completed","0","0","0","8","American Diamond Finger Ring","12500","10","shsj@gmail.com","Pending",
"208","2015-05-29 16:26:12","Completed","0","0","0","8","American Diamond Finger Ring","12500","10","shsj@gmail.com","Pending",
"206","2015-05-29 16:26:12","Completed","0","0","0","9","American Diamond Finger Ring","2500","10","shsj@gmail.com","Pending",
"208","2015-05-29 16:26:12","Completed","0","0","0","9","American Diamond Finger Ring","2500","10","shsj@gmail.com","Pending",
"207","2015-05-29 16:26:12","Completed","0","0","0","9","American Diamond Finger Ring","2500","10","shsj@gmail.com","Pending",
"209","2015-05-29 16:26:13","Completed","0","0","0","8","American Diamond Finger Ring","12500","10","shsj@gmail.com","Pending",
"209","2015-05-29 16:26:13","Completed","0","0","0","9","American Diamond Finger Ring","2500","10","shsj@gmail.com","Pending",
"211","2015-05-29 16:26:14","Completed","0","0","0","8","American Diamond Finger Ring","12500","10","shsj@gmail.com","Pending",
"214","2015-05-29 16:26:14","Completed","0","0","0","8","American Diamond Finger Ring","12500","10","shsj@gmail.com","Pending",
"211","2015-05-29 16:26:14","Completed","0","0","0","9","American Diamond Finger Ring","2500","10","shsj@gmail.com","Pending",
"214","2015-05-29 16:26:14","Completed","0","0","0","9","American Diamond Finger Ring","2500","10","shsj@gmail.com","Pending",
"216","2015-05-29 16:26:14","Completed","0","0","0","8","American Diamond Finger Ring","12500","10","shsj@gmail.com","Pending",
"217","2015-05-29 16:26:14","Completed","0","0","0","8","American Diamond Finger Ring","12500","10","shsj@gmail.com","Pending",
"218","2015-05-29 16:26:14","Completed","0","0","0","8","American Diamond Finger Ring","12500","10","shsj@gmail.com","Pending",
"216","2015-05-29 16:26:14","Completed","0","0","0","9","American Diamond Finger Ring","2500","10","shsj@gmail.com","Pending",
"217","2015-05-29 16:26:14","Completed","0","0","0","9","American Diamond Finger Ring","2500","10","shsj@gmail.com","Pending",
"218","2015-05-29 16:26:14","Completed","0","0","0","9","American Diamond Finger Ring","2500","10","shsj@gmail.com","Pending",
"219","2015-05-29 16:26:15","Completed","0","0","0","8","American Diamond Finger Ring","12500","10","shsj@gmail.com","Pending",
"219","2015-05-29 16:26:15","Completed","0","0","0","9","American Diamond Finger Ring","2500","10","shsj@gmail.com","Pending",
"220","2015-05-29 16:26:15","Completed","0","0","0","8","American Diamond Finger Ring","12500","10","shsj@gmail.com","Pending",
"221","2015-05-29 16:26:15","Completed","0","0","0","8","American Diamond Finger Ring","12500","10","shsj@gmail.com","Pending",
"220","2015-05-29 16:26:15","Completed","0","0","0","9","American Diamond Finger Ring","2500","10","shsj@gmail.com","Pending",
"221","2015-05-29 16:26:15","Completed","0","0","0","9","American Diamond Finger Ring","2500","10","shsj@gmail.com","Pending",
"224","2015-05-29 16:26:17","Completed","0","0","0","8","American Diamond Finger Ring","12500","10","shsj@gmail.com","Pending",
"224","2015-05-29 16:26:17","Completed","0","0","0","9","American Diamond Finger Ring","2500","10","shsj@gmail.com","Pending",
"227","2015-05-29 16:26:17","Completed","0","0","0","8","American Diamond Finger Ring","12500","10","shsj@gmail.com","Pending",
"227","2015-05-29 16:26:17","Completed","0","0","0","9","American Diamond Finger Ring","2500","10","shsj@gmail.com","Pending",
"229","2015-05-29 16:26:18","Completed","0","0","0","8","American Diamond Finger Ring","12500","10","shsj@gmail.com","Pending",
"230","2015-05-29 16:26:18","Completed","0","0","0","8","American Diamond Finger Ring","12500","10","shsj@gmail.com","Pending",
"229","2015-05-29 16:26:18","Completed","0","0","0","9","American Diamond Finger Ring","2500","10","shsj@gmail.com","Pending",
"230","2015-05-29 16:26:18","Completed","0","0","0","9","American Diamond Finger Ring","2500","10","shsj@gmail.com","Pending",
"231","2015-05-29 16:26:19","Completed","0","0","0","8","American Diamond Finger Ring","12500","10","shsj@gmail.com","Pending",
"232","2015-05-29 16:26:19","Completed","0","0","0","8","American Diamond Finger Ring","12500","10","shsj@gmail.com","Pending",
"231","2015-05-29 16:26:19","Completed","0","0","0","9","American Diamond Finger Ring","2500","10","shsj@gmail.com","Pending",
"232","2015-05-29 16:26:19","Completed","0","0","0","9","American Diamond Finger Ring","2500","10","shsj@gmail.com","Pending",
"239","2015-05-29 16:27:22","Completed","0","0","0","8","American Diamond Finger Ring","12500","10","shsj@gmail.com","Pending",
"240","2015-05-29 16:27:22","Completed","0","0","0","8","American Diamond Finger Ring","12500","10","shsj@gmail.com","Pending",
"239","2015-05-29 16:27:22","Completed","0","0","0","9","American Diamond Finger Ring","2500","10","shsj@gmail.com","Pending",
"241","2015-05-29 16:27:22","Completed","0","0","0","8","American Diamond Finger Ring","12500","10","shsj@gmail.com","Pending",
"240","2015-05-29 16:27:22","Completed","0","0","0","9","American Diamond Finger Ring","2500","10","shsj@gmail.com","Pending",
"241","2015-05-29 16:27:22","Completed","0","0","0","9","American Diamond Finger Ring","2500","10","shsj@gmail.com","Pending",
"242","2015-05-29 16:27:22","Completed","0","0","0","8","American Diamond Finger Ring","12500","10","shsj@gmail.com","Pending",
"242","2015-05-29 16:27:22","Completed","0","0","0","9","American Diamond Finger Ring","2500","10","shsj@gmail.com","Pending",
"243","2015-05-29 16:27:23","Completed","0","0","0","8","American Diamond Finger Ring","12500","10","shsj@gmail.com","Pending",
"243","2015-05-29 16:27:23","Completed","0","0","0","9","American Diamond Finger Ring","2500","10","shsj@gmail.com","Pending",
"244","2015-05-29 16:27:23","Completed","0","0","0","8","American Diamond Finger Ring","12500","10","shsj@gmail.com","Pending",
"244","2015-05-29 16:27:23","Completed","0","0","0","9","American Diamond Finger Ring","2500","10","shsj@gmail.com","Pending",
"248","2015-05-29 16:27:25","Completed","0","0","0","8","American Diamond Finger Ring","12500","10","shsj@gmail.com","Pending",
"248","2015-05-29 16:27:25","Completed","0","0","0","9","American Diamond Finger Ring","2500","10","shsj@gmail.com","Pending",
"251","2015-05-29 16:27:25","Completed","0","0","0","8","American Diamond Finger Ring","12500","10","shsj@gmail.com","Pending",
"251","2015-05-29 16:27:25","Completed","0","0","0","9","American Diamond Finger Ring","2500","10","shsj@gmail.com","Pending",
"253","2015-05-29 16:27:26","Completed","0","0","0","8","American Diamond Finger Ring","12500","10","shsj@gmail.com","Pending",
"253","2015-05-29 16:27:26","Completed","0","0","0","9","American Diamond Finger Ring","2500","10","shsj@gmail.com","Pending",
"255","2015-05-29 16:27:26","Completed","0","0","0","8","American Diamond Finger Ring","12500","10","shsj@gmail.com","Pending",
"255","2015-05-29 16:27:26","Completed","0","0","0","9","American Diamond Finger Ring","2500","10","shsj@gmail.com","Pending",
"256","2015-05-29 16:27:26","Completed","0","0","0","8","American Diamond Finger Ring","12500","10","shsj@gmail.com","Pending",
"256","2015-05-29 16:27:26","Completed","0","0","0","9","American Diamond Finger Ring","2500","10","shsj@gmail.com","Pending",
"258","2015-05-29 16:27:27","Completed","0","0","0","8","American Diamond Finger Ring","12500","10","shsj@gmail.com","Pending",
"258","2015-05-29 16:27:27","Completed","0","0","0","9","American Diamond Finger Ring","2500","10","shsj@gmail.com","Pending",
"259","2015-05-29 16:27:27","Completed","0","0","0","8","American Diamond Finger Ring","12500","10","shsj@gmail.com","Pending",
"259","2015-05-29 16:27:27","Completed","0","0","0","9","American Diamond Finger Ring","2500","10","shsj@gmail.com","Pending",
"260","2015-05-29 16:27:28","Completed","0","0","0","8","American Diamond Finger Ring","12500","10","shsj@gmail.com","Pending",
"260","2015-05-29 16:27:28","Completed","0","0","0","9","American Diamond Finger Ring","2500","10","shsj@gmail.com","Pending",
"262","2015-05-29 16:28:54","Completed","0","0","0","8","American Diamond Finger Ring","12500","10","shsj@gmail.com","Pending",
"262","2015-05-29 16:28:54","Completed","0","0","0","9","American Diamond Finger Ring","2500","10","shsj@gmail.com","Pending",
"264","2015-05-29 16:30:06","Completed","0","0","0","8","American Diamond Finger Ring","12500","10","shsj@gmail.com","Pending",
"264","2015-05-29 16:30:06","Completed","0","0","0","9","American Diamond Finger Ring","2500","10","shsj@gmail.com","Pending",
"269","2015-05-29 16:34:07","Completed","0","0","0","8","American Diamond Finger Ring","12500","10","shh@gmail.com","Pending",
"269","2015-05-29 16:34:07","Completed","0","0","0","9","American Diamond Finger Ring","2500","10","shh@gmail.com","Pending",
"272","2015-05-29 16:34:08","Completed","0","0","0","8","American Diamond Finger Ring","12500","10","shh@gmail.com","Pending",
"273","2015-05-29 16:34:08","Completed","0","0","0","8","American Diamond Finger Ring","12500","10","shh@gmail.com","Pending",
"272","2015-05-29 16:34:08","Completed","0","0","0","9","American Diamond Finger Ring","2500","10","shh@gmail.com","Pending",
"273","2015-05-29 16:34:08","Completed","0","0","0","9","American Diamond Finger Ring","2500","10","shh@gmail.com","Pending",
"275","2015-05-29 16:34:09","Completed","0","0","0","8","American Diamond Finger Ring","12500","10","shh@gmail.com","Pending",
"276","2015-05-29 16:34:09","Completed","0","0","0","8","American Diamond Finger Ring","12500","10","shh@gmail.com","Pending",
"275","2015-05-29 16:34:09","Completed","0","0","0","9","American Diamond Finger Ring","2500","10","shh@gmail.com","Pending",
"276","2015-05-29 16:34:09","Completed","0","0","0","9","American Diamond Finger Ring","2500","10","shh@gmail.com","Pending",
"277","2015-05-29 16:34:10","Completed","0","0","0","8","American Diamond Finger Ring","12500","10","shh@gmail.com","Pending",
"278","2015-05-29 16:34:10","Completed","0","0","0","8","American Diamond Finger Ring","12500","10","shh@gmail.com","Pending",
"277","2015-05-29 16:34:10","Completed","0","0","0","9","American Diamond Finger Ring","2500","10","shh@gmail.com","Pending",
"278","2015-05-29 16:34:10","Completed","0","0","0","9","American Diamond Finger Ring","2500","10","shh@gmail.com","Pending",
"352","2015-06-04 11:29:38","Completed","0","0","0","337","American Diamond Kada","13195","10","jagruti@wohlig.com","Pending",
"354","2015-06-04 11:30:54","Completed","0","0","0","336","American Diamond Kada","40000","10","jagruti@wohlig.com","Pending",
"356","2015-06-04 11:32:36","Completed","0","0","0","336","American Diamond Kada","40000","10","jagruti@wohlig.com","Pending",
"358","2015-06-04 11:37:17","Completed","0","0","0","336","American Diamond Kada","40000","10","jagruti@wohlig.com","Pending",
"360","2015-06-04 11:55:27","Completed","0","0","0","336","American Diamond Kada","40000","10","jagruti@wohlig.com","Pending",
"362","2015-06-04 13:14:38","Completed","0","0","0","39","American Diamond Necklace set","12100","10","patiljagruti181@gmail.com","Pending",
"363","2015-06-04 13:54:01","Completed","0","0","0","39","American Diamond Necklace set","12100","10","patiljagruti181@gmail.com","Pending",
"365","2015-06-04 14:37:34","Completed","0","0","0","39","American Diamond Necklace set","12100","10","patiljagruti181@gmail.com","Pending",
"367","2015-06-04 14:41:32","Completed","0","0","0","39","American Diamond Necklace set","12100","10","patiljagruti181@gmail.com","Pending",
"368","2015-06-04 14:48:33","Completed","0","0","0","39","American Diamond Necklace set","12100","10","patiljagruti181@gmail.com","Pending",
"369","2015-06-04 15:07:15","Completed","0","0","0","39","American Diamond Necklace set","12100","10","patiljagruti181@gmail.com","Pending",
"370","2015-06-04 15:23:48","Completed","0","0","0","39","American Diamond Necklace set","12100","10","patiljagruti181@gmail.com","Pending",
"371","2015-06-04 15:32:10","Completed","0","0","0","39","American Diamond Necklace set","12100","10","patiljagruti181@gmail.com","Pending",
"372","2015-06-04 15:41:13","Completed","0","0","0","39","American Diamond Necklace set","12100","10","patiljagruti181@gmail.com","Pending",
"373","2015-06-04 15:54:03","Completed","0","0","0","39","American Diamond Necklace set","12100","10","patiljagruti181@gmail.com","Pending",
"374","2015-06-04 16:00:40","Completed","0","0","0","39","American Diamond Necklace set","12100","10","patiljagruti181@gmail.com","Pending",
"375","2015-06-04 16:07:05","Completed","0","0","0","39","American Diamond Necklace set","12100","10","patiljagruti181@gmail.com","Pending",
"376","2015-06-04 16:16:15","Completed","0","0","0","39","American Diamond Necklace set","12100","10","patiljagruti181@gmail.com","Pending",
"377","2015-06-04 16:20:50","Completed","0","0","0","39","American Diamond Necklace set","12100","10","patiljagruti181@gmail.com","Pending",
"379","2015-06-04 16:47:09","Completed","0","0","0","39","American Diamond Necklace set","12100","10","patiljagruti181@gmail.com","Pending",
"380","2015-06-04 16:54:30","Completed","0","0","0","378","American Diamond Necklace Set","21000","4","jagruti@yahoo.com","Pending",
"382","2015-06-04 16:56:49","Completed","0","0","0","378","American Diamond Necklace Set","21000","4","jagruti@yahoo.com","Pending",
"384","2015-06-04 17:01:52","Completed","0","0","0","378","American Diamond Necklace Set","21000","4","jagruti@yahoo.com","Pending",
"385","2015-06-04 17:12:15","Completed","0","0","0","378","American Diamond Necklace Set","21000","4","jagruti@yahoo.com","Pending",
"387","2015-06-04 18:04:18","Completed","0","0","0","378","American Diamond Necklace Set","21000","4","jagruti@yahoo.com","Pending",
"389","2015-06-04 18:06:06","Completed","0","0","0","378","American Diamond Necklace Set","21000","4","jagruti@yahoo.com","Pending",
"390","2015-06-05 18:15:31","Completed","0","0","0","380","Vilandi Set","18500","-14","wohlig@email.com","Pending",
"391","2015-06-05 18:15:35","Completed","0","0","0","380","Vilandi Set","18500","-14","wohlig@email.com","Pending",
"392","2015-06-05 18:15:41","Completed","0","0","0","380","Vilandi Set","18500","-14","wohlig@email.com","Pending",
"393","2015-06-05 18:15:41","Completed","0","0","0","380","Vilandi Set","18500","-14","wohlig@email.com","Pending",
"394","2015-06-05 18:15:41","Completed","0","0","0","380","Vilandi Set","18500","-14","wohlig@email.com","Pending",
"395","2015-06-05 18:15:42","Completed","0","0","0","380","Vilandi Set","18500","-14","wohlig@email.com","Pending",
"396","2015-06-05 18:15:42","Completed","0","0","0","380","Vilandi Set","18500","-14","wohlig@email.com","Pending",
"397","2015-06-05 18:15:42","Completed","0","0","0","380","Vilandi Set","18500","-14","wohlig@email.com","Pending",
"398","2015-06-05 18:15:43","Completed","0","0","0","380","Vilandi Set","18500","-14","wohlig@email.com","Pending",
"399","2015-06-05 18:15:57","Completed","0","0","0","380","Vilandi Set","18500","-14","wohlig@email.com","Pending",
"400","2015-06-05 18:15:59","Completed","0","0","0","380","Vilandi Set","18500","-14","wohlig@email.com","Pending",
"401","2015-06-05 18:16:15","Completed","0","0","0","380","Vilandi Set","18500","-14","wohlig@email.com","Pending",
"402","2015-06-05 18:16:15","Completed","0","0","0","380","Vilandi Set","18500","-14","wohlig@email.com","Pending",
"403","2015-06-05 18:16:15","Completed","0","0","0","380","Vilandi Set","18500","-14","wohlig@email.com","Pending",
"404","2015-06-05 18:16:15","Completed","0","0","0","380","Vilandi Set","18500","-14","wohlig@email.com","Pending",
"405","2015-06-05 18:16:16","Completed","0","0","0","380","Vilandi Set","18500","-14","wohlig@email.com","Pending",
"406","2015-06-05 18:16:16","Completed","0","0","0","380","Vilandi Set","18500","-14","wohlig@email.com","Pending",
"407","2015-06-05 18:16:16","Completed","0","0","0","380","Vilandi Set","18500","-14","wohlig@email.com","Pending",
"408","2015-06-05 18:16:16","Completed","0","0","0","380","Vilandi Set","18500","-14","wohlig@email.com","Pending",
"409","2015-06-05 18:16:17","Completed","0","0","0","380","Vilandi Set","18500","-14","wohlig@email.com","Pending",
"410","2015-06-05 18:16:17","Completed","0","0","0","380","Vilandi Set","18500","-14","wohlig@email.com","Pending",
"411","2015-06-05 18:16:17","Completed","0","0","0","380","Vilandi Set","18500","-14","wohlig@email.com","Pending",
"412","2015-06-05 18:16:18","Completed","0","0","0","380","Vilandi Set","18500","-14","wohlig@email.com","Pending",
"413","2015-06-05 18:16:19","Completed","0","0","0","380","Vilandi Set","18500","-14","wohlig@email.com","Pending",
"415","2015-06-08 12:13:07","Completed","0","0","0","337","American Diamond Kada","13195","10","jagruti@wohlig.com","Pending",
"415","2015-06-08 12:13:07","Completed","0","0","0","8","American Diamond Finger Ring","12500","10","jagruti@wohlig.com","Pending",
"416","2015-06-08 13:37:27","Completed","0","0","0","336","American Diamond Kada","40000","10","shn619@gmail.com","Pending",
"417","2015-06-08 13:37:28","Completed","0","0","0","336","American Diamond Kada","40000","10","shn619@gmail.com","Pending",
"418","2015-06-08 13:37:30","Completed","0","0","0","336","American Diamond Kada","40000","10","shn619@gmail.com","Pending",
"419","2015-06-08 13:37:30","Completed","0","0","0","336","American Diamond Kada","40000","10","shn619@gmail.com","Pending",
"420","2015-06-08 13:37:31","Completed","0","0","0","336","American Diamond Kada","40000","10","shn619@gmail.com","Pending",
"421","2015-06-08 13:37:33","Completed","0","0","0","336","American Diamond Kada","40000","10","shn619@gmail.com","Pending",
"422","2015-06-08 13:37:33","Completed","0","0","0","336","American Diamond Kada","40000","10","shn619@gmail.com","Pending",
"423","2015-06-08 13:37:33","Completed","0","0","0","336","American Diamond Kada","40000","10","shn619@gmail.com","Pending",
"424","2015-06-08 13:37:33","Completed","0","0","0","336","American Diamond Kada","40000","10","shn619@gmail.com","Pending",
"425","2015-06-08 13:37:33","Completed","0","0","0","336","American Diamond Kada","40000","10","shn619@gmail.com","Pending",
"426","2015-06-08 13:37:34","Completed","0","0","0","336","American Diamond Kada","40000","10","shn619@gmail.com","Pending",
"427","2015-06-08 13:37:34","Completed","0","0","0","336","American Diamond Kada","40000","10","shn619@gmail.com","Pending",
"428","2015-06-08 13:37:35","Completed","0","0","0","336","American Diamond Kada","40000","10","shn619@gmail.com","Pending",
"429","2015-06-08 13:37:35","Completed","0","0","0","336","American Diamond Kada","40000","10","shn619@gmail.com","Pending",
"430","2015-06-08 13:37:35","Completed","0","0","0","336","American Diamond Kada","40000","10","shn619@gmail.com","Pending",
"431","2015-06-08 13:37:35","Completed","0","0","0","336","American Diamond Kada","40000","10","shn619@gmail.com","Pending",
"432","2015-06-08 13:37:35","Completed","0","0","0","336","American Diamond Kada","40000","10","shn619@gmail.com","Pending",
"433","2015-06-08 13:37:36","Completed","0","0","0","336","American Diamond Kada","40000","10","shn619@gmail.com","Pending",
"434","2015-06-08 13:37:36","Completed","0","0","0","336","American Diamond Kada","40000","10","shn619@gmail.com","Pending",
"435","2015-06-08 13:37:36","Completed","0","0","0","336","American Diamond Kada","40000","10","shn619@gmail.com","Pending",
"436","2015-06-08 13:37:37","Completed","0","0","0","336","American Diamond Kada","40000","10","shn619@gmail.com","Pending",
"437","2015-06-08 13:37:37","Completed","0","0","0","336","American Diamond Kada","40000","10","shn619@gmail.com","Pending",
"438","2015-06-08 13:37:37","Completed","0","0","0","336","American Diamond Kada","40000","10","shn619@gmail.com","Pending",
"439","2015-06-08 13:37:38","Completed","0","0","0","336","American Diamond Kada","40000","10","shn619@gmail.com","Pending",
"440","2015-06-08 13:37:39","Completed","0","0","0","336","American Diamond Kada","40000","10","shn619@gmail.com","Pending",
"441","2015-06-08 13:37:39","Completed","0","0","0","336","American Diamond Kada","40000","10","shn619@gmail.com","Pending",
"442","2015-06-08 13:37:40","Completed","0","0","0","336","American Diamond Kada","40000","10","shn619@gmail.com","Pending",
"443","2015-06-08 13:37:40","Completed","0","0","0","336","American Diamond Kada","40000","10","shn619@gmail.com","Pending",
"444","2015-06-08 13:37:40","Completed","0","0","0","336","American Diamond Kada","40000","10","shn619@gmail.com","Pending",
"445","2015-06-08 13:37:40","Completed","0","0","0","336","American Diamond Kada","40000","10","shn619@gmail.com","Pending",
"446","2015-06-08 13:37:41","Completed","0","0","0","336","American Diamond Kada","40000","10","shn619@gmail.com","Pending",
"447","2015-06-08 13:37:41","Completed","0","0","0","336","American Diamond Kada","40000","10","shn619@gmail.com","Pending",
"448","2015-06-08 13:37:41","Completed","0","0","0","336","American Diamond Kada","40000","10","shn619@gmail.com","Pending",
"449","2015-06-08 13:37:41","Completed","0","0","0","336","American Diamond Kada","40000","10","shn619@gmail.com","Pending",
"450","2015-06-08 13:37:42","Completed","0","0","0","336","American Diamond Kada","40000","10","shn619@gmail.com","Pending",
"451","2015-06-08 13:37:42","Completed","0","0","0","336","American Diamond Kada","40000","10","shn619@gmail.com","Pending",
"452","2015-06-08 13:37:42","Completed","0","0","0","336","American Diamond Kada","40000","10","shn619@gmail.com","Pending",
"453","2015-06-08 13:37:42","Completed","0","0","0","336","American Diamond Kada","40000","10","shn619@gmail.com","Pending",
"454","2015-06-08 13:37:42","Completed","0","0","0","336","American Diamond Kada","40000","10","shn619@gmail.com","Pending",
"455","2015-06-08 13:37:43","Completed","0","0","0","336","American Diamond Kada","40000","10","shn619@gmail.com","Pending",
"456","2015-06-08 13:39:56","Completed","0","0","0","336","American Diamond Kada","40000","10","jxj@gmail.com","Pending",
"457","2015-06-08 13:39:57","Completed","0","0","0","336","American Diamond Kada","40000","10","jxj@gmail.com","Pending",
"458","2015-06-08 13:39:57","Completed","0","0","0","336","American Diamond Kada","40000","10","jxj@gmail.com","Pending",
"459","2015-06-08 13:39:58","Completed","0","0","0","336","American Diamond Kada","40000","10","jxj@gmail.com","Pending",
"460","2015-06-08 13:39:58","Completed","0","0","0","336","American Diamond Kada","40000","10","jxj@gmail.com","Pending",
"461","2015-06-08 13:39:59","Completed","0","0","0","336","American Diamond Kada","40000","10","jxj@gmail.com","Pending",
"462","2015-06-08 13:39:59","Completed","0","0","0","336","American Diamond Kada","40000","10","jxj@gmail.com","Pending",
"463","2015-06-08 13:39:59","Completed","0","0","0","336","American Diamond Kada","40000","10","jxj@gmail.com","Pending",
"465","2015-06-08 21:00:13","Completed","0","0","0","517","Antique Set","4500","9","priyelpatel@gmail.com","Pending",
"466","2015-06-10 17:57:57","Completed","0","0","0","610","American Diamond Pendant Set","5395","10","ajayreddy5252@gmail.com","Pending",
"467","2015-06-10 17:58:01","Completed","0","0","0","610","American Diamond Pendant Set","5395","10","ajayreddy5252@gmail.com","Pending",
"468","2015-06-10 17:58:22","Completed","0","0","0","610","American Diamond Pendant Set","5395","10","ajayreddy5252@gmail.com","Pending",
"469","2015-06-10 17:58:23","Completed","0","0","0","610","American Diamond Pendant Set","5395","10","ajayreddy5252@gmail.com","Pending",
"470","2015-06-10 17:58:23","Completed","0","0","0","610","American Diamond Pendant Set","5395","10","ajayreddy5252@gmail.com","Pending",
"473","2015-06-15 19:09:41","Completed","0","0","0","337","American Diamond Kada","13195","10","wohlig@email.com","Pending",
"474","2015-06-15 19:09:44","Completed","0","0","0","337","American Diamond Kada","13195","10","wohlig@email.com","Pending",
"475","2015-06-15 19:09:47","Completed","0","0","0","337","American Diamond Kada","13195","10","wohlig@email.com","Pending",
"476","2015-06-15 19:09:49","Completed","0","0","0","337","American Diamond Kada","13195","10","wohlig@email.com","Pending",
"477","2015-06-15 19:09:49","Completed","0","0","0","337","American Diamond Kada","13195","10","wohlig@email.com","Pending",
"478","2015-06-15 19:09:50","Completed","0","0","0","337","American Diamond Kada","13195","10","wohlig@email.com","Pending",
"479","2015-06-15 19:09:50","Completed","0","0","0","337","American Diamond Kada","13195","10","wohlig@email.com","Pending",
"480","2015-06-15 19:09:51","Completed","0","0","0","337","American Diamond Kada","13195","10","wohlig@email.com","Pending",
"481","2015-06-15 19:09:51","Completed","0","0","0","337","American Diamond Kada","13195","10","wohlig@email.com","Pending",
"482","2015-06-15 19:09:52","Completed","0","0","0","337","American Diamond Kada","13195","10","wohlig@email.com","Pending",
"483","2015-06-15 19:09:52","Completed","0","0","0","337","American Diamond Kada","13195","10","wohlig@email.com","Pending",
"484","2015-06-15 19:09:52","Completed","0","0","0","337","American Diamond Kada","13195","10","wohlig@email.com","Pending",
"485","2015-06-15 19:09:53","Completed","0","0","0","337","American Diamond Kada","13195","10","wohlig@email.com","Pending",
"486","2015-06-15 19:09:54","Completed","0","0","0","337","American Diamond Kada","13195","10","wohlig@email.com","Pending",
"487","2015-06-15 19:09:55","Completed","0","0","0","337","American Diamond Kada","13195","10","wohlig@email.com","Pending",
"488","2015-06-15 19:09:55","Completed","0","0","0","337","American Diamond Kada","13195","10","wohlig@email.com","Pending",
"489","2015-06-15 19:09:55","Completed","0","0","0","337","American Diamond Kada","13195","10","wohlig@email.com","Pending",
"490","2015-06-15 19:09:56","Completed","0","0","0","337","American Diamond Kada","13195","10","wohlig@email.com","Pending",
"491","2015-06-15 19:09:56","Completed","0","0","0","337","American Diamond Kada","13195","10","wohlig@email.com","Pending",
"492","2015-06-15 19:09:56","Completed","0","0","0","337","American Diamond Kada","13195","10","wohlig@email.com","Pending",
"493","2015-06-15 19:09:56","Completed","0","0","0","337","American Diamond Kada","13195","10","wohlig@email.com","Pending",
"494","2015-06-15 19:09:57","Completed","0","0","0","337","American Diamond Kada","13195","10","wohlig@email.com","Pending",
"495","2015-06-15 19:09:57","Completed","0","0","0","337","American Diamond Kada","13195","10","wohlig@email.com","Pending",
"496","2015-06-15 19:09:57","Completed","0","0","0","337","American Diamond Kada","13195","10","wohlig@email.com","Pending",
"497","2015-06-15 19:09:58","Completed","0","0","0","337","American Diamond Kada","13195","10","wohlig@email.com","Pending",
"498","2015-06-15 19:09:58","Completed","0","0","0","337","American Diamond Kada","13195","10","wohlig@email.com","Pending",
"499","2015-06-15 19:09:58","Completed","0","0","0","337","American Diamond Kada","13195","10","wohlig@email.com","Pending",
"500","2015-06-15 19:09:59","Completed","0","0","0","337","American Diamond Kada","13195","10","wohlig@email.com","Pending",
"501","2015-06-15 19:09:59","Completed","0","0","0","337","American Diamond Kada","13195","10","wohlig@email.com","Pending",
"502","2015-06-15 19:10:00","Completed","0","0","0","337","American Diamond Kada","13195","10","wohlig@email.com","Pending",
"503","2015-06-15 19:10:22","Completed","0","0","0","337","American Diamond Kada","13195","10","wohlig@email.com","Pending",
"504","2015-06-15 19:10:23","Completed","0","0","0","337","American Diamond Kada","13195","10","wohlig@email.com","Pending",
"505","2015-06-15 19:10:23","Completed","0","0","0","337","American Diamond Kada","13195","10","wohlig@email.com","Pending",
"506","2015-06-15 19:10:23","Completed","0","0","0","337","American Diamond Kada","13195","10","wohlig@email.com","Pending",
"507","2015-06-15 19:10:23","Completed","0","0","0","337","American Diamond Kada","13195","10","wohlig@email.com","Pending",
"508","2015-06-15 19:12:35","Completed","0","0","0","337","American Diamond Kada","13195","10","wohlig@email.com","Pending",
"509","2015-06-15 19:17:53","Completed","0","0","0","320","American Diamond Bangle","35000","10","wohlig@email.com","Pending",
"510","2015-06-17 17:12:07","Completed","0","0","0","638","Italian Jewellery Chain","22000","10","wohlig@email.com","Pending",
"511","2015-06-17 18:08:16","Completed","0","0","0","664","American Diamond Set","40000","9","webmaster@ambestmedia.com","Pending",
"512","2015-06-17 19:27:56","Completed","0","0","0","638","Italian Jewellery Chain","22000","10","ajayreddy5242@gmail.com","Pending",
"513","2015-06-24 10:52:40","Completed","0","0","0","692","Vilandi Earring","3500","10","bhavanashah_26@yahoo.co.in","Pending",
"514","2015-06-24 10:52:53","Completed","0","0","0","692","Vilandi Earring","3500","10","bhavanashah_26@yahoo.co.in","Pending",
"515","2015-06-24 10:52:55","Completed","0","0","0","692","Vilandi Earring","3500","10","bhavanashah_26@yahoo.co.in","Pending",
"516","2015-07-04 18:26:11","Completed","0","0","0","679","American Diamond Kada","34500","2","sjwj@dnsj.com","Pending",
"517","2015-07-04 18:26:13","Completed","0","0","0","679","American Diamond Kada","34500","2","sjwj@dnsj.com","Pending",
"518","2015-07-04 18:26:15","Completed","0","0","0","679","American Diamond Kada","34500","2","sjwj@dnsj.com","Pending",
"519","2015-07-04 19:04:50","Completed","0","0","0","331","American Diamond Kada","9550","6","seo@ambestmedia.com","Pending",
"520","2015-07-04 19:04:52","Completed","0","0","0","331","American Diamond Kada","9550","6","seo@ambestmedia.com","Pending",
"521","2015-07-04 19:07:57","Completed","0","0","0","331","American Diamond Kada","9550","6","seo@ambestmedia.com","Pending",
"522","2015-07-04 19:08:01","Completed","0","0","0","331","American Diamond Kada","9550","6","seo@ambestmedia.com","Pending",
"524","2015-07-07 11:58:59","Completed","0","0","0","466","Micro Juda","990","10","mcd@gmail.com","Pending",
"526","2015-07-07 11:59:02","Completed","0","0","0","466","Micro Juda","990","10","mcd@gmail.com","Pending",
"528","2015-07-07 11:59:04","Completed","0","0","0","466","Micro Juda","990","10","mcd@gmail.com","Pending",
"531","2015-07-07 12:02:40","Completed","0","0","0","645","Pearl Mala Set","19500","10","mcd@gmail.com","Pending",
"532","2015-07-07 12:02:40","Completed","0","0","0","645","Pearl Mala Set","19500","10","mcd@gmail.com","Pending",
"534","2015-07-07 12:02:43","Completed","0","0","0","645","Pearl Mala Set","19500","10","mcd@gmail.com","Pending",
"538","2015-07-07 12:02:48","Completed","0","0","0","645","Pearl Mala Set","19500","10","mcd@gmail.com","Pending",
"539","2015-07-07 12:02:48","Completed","0","0","0","645","Pearl Mala Set","19500","10","mcd@gmail.com","Pending",
"540","2015-07-07 12:02:48","Completed","0","0","0","645","Pearl Mala Set","19500","10","mcd@gmail.com","Pending",
"542","2015-07-07 12:02:50","Completed","0","0","0","645","Pearl Mala Set","19500","10","mcd@gmail.com","Pending",
"544","2015-07-07 12:15:18","Completed","0","0","0","645","Pearl Mala Set","19500","10","shah@gmail.com","Pending",
"546","2015-07-07 12:15:20","Completed","0","0","0","645","Pearl Mala Set","19500","10","shah@gmail.com","Pending",
"548","2015-07-07 12:18:56","Completed","0","0","0","645","Pearl Mala Set","19500","10","shah@gmail.com","Pending",
"550","2015-07-07 12:19:04","Completed","0","0","0","645","Pearl Mala Set","19500","10","shah@gmail.com","Pending",
"552","2015-07-07 12:19:41","Completed","0","0","0","645","Pearl Mala Set","19500","10","shah@gmail.com","Pending",
"554","2015-07-07 12:19:45","Completed","0","0","0","645","Pearl Mala Set","19500","10","shah@gmail.com","Pending",
"556","2015-07-07 12:19:57","Completed","0","0","0","645","Pearl Mala Set","19500","10","shah@gmail.com","Pending",
"558","2015-07-08 10:46:43","Completed","0","0","0","617","Frosted Set","11500","8","jagrutit@wohlig.com","Pending",
"559","2015-07-08 16:33:55","Completed","0","0","0","497","Pearl Mala","18800","9","behheeh@cncjc.ckcmm","Pending",
"560","2015-07-08 16:33:55","Completed","0","0","0","497","Pearl Mala","18800","9","behheeh@cncjc.ckcmm","Pending",
"561","2015-07-08 16:33:56","Completed","0","0","0","497","Pearl Mala","18800","9","behheeh@cncjc.ckcmm","Pending",
"562","2015-07-08 16:33:56","Completed","0","0","0","497","Pearl Mala","18800","9","behheeh@cncjc.ckcmm","Pending",
"563","2015-07-08 16:33:57","Completed","0","0","0","497","Pearl Mala","18800","9","behheeh@cncjc.ckcmm","Pending",
"564","2015-07-08 16:33:57","Completed","0","0","0","497","Pearl Mala","18800","9","behheeh@cncjc.ckcmm","Pending",
"565","2015-07-08 16:34:01","Completed","0","0","0","497","Pearl Mala","18800","9","behheeh@cncjc.ckcmm","Pending",
"566","2015-07-08 16:34:04","Completed","0","0","0","497","Pearl Mala","18800","9","behheeh@cncjc.ckcmm","Pending",
"567","2015-07-08 16:37:07","Completed","0","0","0","122","Bridal Bangle","1650","10","sapana.wohlig@gmail.com","Pending",
"568","2015-07-08 16:37:09","Completed","0","0","0","122","Bridal Bangle","1650","10","sapana.wohlig@gmail.com","Pending",
"570","2015-07-08 17:19:44","Completed","0","0","0","671","American Diamond Kada","60000","10","jagruti@wohlig.com","Pending",
"572","2015-07-08 17:30:27","Completed","0","0","0","671","American Diamond Kada","60000","10","jagruti@wohlig.com","Pending",
"574","2015-07-08 17:33:18","Completed","0","0","0","671","American Diamond Kada","60000","10","jagruti@wohlig.com","Pending",
"576","2015-07-08 17:51:42","Completed","0","0","0","671","American Diamond Kada","60000","10","jagruti@wohlig.com","Pending",
"578","2015-07-08 17:56:20","Completed","0","0","0","671","American Diamond Kada","60000","10","jagruti@wohlig.om","Pending",
"580","2015-07-08 18:15:25","Completed","0","0","0","671","American Diamond Kada","60000","10","jagruti@wohlig.com","Pending",
"582","2015-07-08 18:32:52","Completed","0","0","0","505","Pearl Mala","2150","9","mcd@gmail.com","Pending",
"584","2015-07-08 18:32:56","Completed","0","0","0","505","Pearl Mala","2150","9","mcd@gmail.com","Pending",
"586","2015-07-08 18:33:46","Completed","0","0","0","505","Pearl Mala","2150","9","mcd@gmail.com","Pending",
"588","2015-07-08 18:33:48","Completed","0","0","0","505","Pearl Mala","2150","9","mcd@gmail.com","Pending",
"591","2015-07-08 18:39:20","Completed","0","0","0","505","Pearl Mala","2150","9","mcd@gmail.com","Pending",
"593","2015-07-08 18:39:21","Completed","0","0","0","505","Pearl Mala","2150","9","mcd@gmail.com","Pending",
"594","2015-07-08 18:39:21","Completed","0","0","0","505","Pearl Mala","2150","9","mcd@gmail.com","Pending",
"596","2015-07-08 18:42:07","Completed","0","0","0","505","Pearl Mala","2150","9","mcd@gmail.com","Pending",
"598","2015-07-08 18:46:19","Completed","0","0","0","505","Pearl Mala","2150","9","jagruti@wohlig.com","Pending",
"600","2015-07-08 18:47:58","Completed","0","0","0","505","Pearl Mala","2150","9","jagruti@wohlig.com","Pending",
"602","2015-07-08 18:50:50","Completed","0","0","0","505","Pearl Mala","2150","9","jagruti@wohlig.com","Pending",
"604","2015-07-08 18:52:38","Completed","0","0","0","505","Pearl Mala","2150","9","mcd@gmail.com","Pending",
"606","2015-07-08 18:52:42","Completed","0","0","0","505","Pearl Mala","2150","9","mcd@gmail.com","Pending",
"607","2015-07-08 18:56:16","Completed","0","0","0","668","Victoria Kada","16500","9","wohligj@gmail.com","Pending",
"609","2015-07-08 19:02:09","Completed","0","0","0","505","Pearl Mala","2150","9","jagrutig@kjhkdj.com","Pending",
"611","2015-07-09 12:47:32","Completed","0","0","0","505","Pearl Mala","2150","9","jagruti@wohlig.com","Pending",
"613","2015-07-09 12:50:26","Completed","0","0","0","505","Pearl Mala","2150","9","jagruti@wohlig.com","Pending",
"615","2015-07-09 13:31:27","Completed","0","0","0","505","Pearl Mala","2150","9","jagruti@wohlig.com","Pending",
"617","2015-07-09 15:45:45","Completed","0","0","0","679","American Diamond Kada","34500","2","shah@gmail.com","Pending",
"619","2015-07-09 15:46:05","Completed","0","0","0","679","American Diamond Kada","34500","2","shah@gmail.com","Pending",
"620","2015-07-09 15:49:19","Completed","0","0","0","498","Pearl Mala","6950","10","shn619@gmail.com","Pending",
"622","2015-07-09 15:51:59","Completed","0","0","0","498","Pearl Mala","6950","10","jagruti@gmail.com","Pending",
"623","2015-07-09 15:51:59","Completed","0","0","0","498","Pearl Mala","6950","10","jagruti@gmail.com","Pending",
"624","2015-07-09 15:55:24","Completed","0","0","0","498","Pearl Mala","6950","10","jagruti@wohlig.com","Pending",
"626","2015-07-09 16:00:28","Completed","0","0","0","497","Pearl Mala","18800","9","jagruti@wohlig.com","Pending",
"628","2015-07-09 16:28:45","Completed","0","0","0","497","Pearl Mala","18800","9","jagruti@wohlig.com","Pending",
"629","2015-07-09 16:59:03","Completed","0","0","0","498","Pearl Mala","6950","10","jaggruti@gmail.com","Pending",
"630","2015-07-10 11:31:46","Completed","0","0","0","679","American Diamond Kada","34500","2","jayreddy5242@gmail.com","Pending",
"631","2015-07-13 11:00:23","Completed","0","0","0","679","American Diamond Kada","34500","2","seo@ambestmedia.com","Pending",
"632","2015-07-13 13:31:24","Completed","0","0","0","645","Pearl Mala Set","19500","10","sachin@ambestmedia.com","Pending",
"633","2015-07-13 13:31:32","Completed","0","0","0","645","Pearl Mala Set","19500","10","sachin@ambestmedia.com","Pending",
"634","2015-07-13 14:44:07","Completed","0","0","0","164","Italian Earring","16795","10","wohlig@email.com","Pending",
"637","2015-07-13 16:15:10","Completed","0","0","0","679","American Diamond Kada","34500","2","seo@ambestmedia.com","Pending",
"638","2015-07-13 16:15:18","Completed","0","0","0","679","American Diamond Kada","34500","2","seo@ambestmedia.com","Pending",
"639","2015-07-13 16:15:19","Completed","0","0","0","679","American Diamond Kada","34500","2","seo@ambestmedia.com","Pending",
"640","2015-07-14 19:08:02","Completed","0","0","0","618","Frosted Set","12500","6","wohlig@email.com","Pending",
"641","2015-07-14 19:08:04","Completed","0","0","0","618","Frosted Set","12500","6","wohlig@email.com","Pending",
"642","2015-07-14 19:08:36","Completed","0","0","0","618","Frosted Set","12500","6","wohlig@email.com","Pending",
"645","2015-07-15 11:15:26","Completed","0","0","0","618","Frosted Set","12500","6","wohlig@email.com","Pending",
"647","2015-07-15 16:11:17","Completed","0","0","0","755","Vilandi Earring","5850","6","sapana.wohlig@gmail.com","Pending",
"649","2015-07-15 16:16:13","Completed","0","0","0","755","Vilandi Earring","5850","6","abc@dgj.dsfd","Pending",
"651","2015-07-15 16:17:41","Completed","0","0","0","755","Vilandi Earring","5850","6","dfgd@fh.yjut","Pending",
"653","2015-07-15 16:17:50","Completed","0","0","0","755","Vilandi Earring","5850","6","dfgd@fh.yjut","Pending",
"655","2015-07-15 16:19:52","Completed","0","0","0","761","AD Pendant Set","3650","9","sdf@fgdf.fg","Pending",
"656","2015-07-16 05:36:33","Completed","0","0","0","374","Vilandi Set ","7000","-7","amru9027@gmail.com","Pending",
"656","2015-07-16 05:36:33","Completed","0","0","0","948","Vilandi Payal","7500","-7","amru9027@gmail.com","Pending",
"656","2015-07-16 05:36:33","Completed","0","0","0","1012","Micro Payal","700","-7","amru9027@gmail.com","Pending",
"657","2015-07-16 05:36:37","Completed","0","0","0","374","Vilandi Set ","7000","-7","amru9027@gmail.com","Pending",
"657","2015-07-16 05:36:37","Completed","0","0","0","948","Vilandi Payal","7500","-7","amru9027@gmail.com","Pending",
"657","2015-07-16 05:36:37","Completed","0","0","0","1012","Micro Payal","700","-7","amru9027@gmail.com","Pending",
"658","2015-07-16 05:36:39","Completed","0","0","0","374","Vilandi Set ","7000","-7","amru9027@gmail.com","Pending",
"658","2015-07-16 05:36:39","Completed","0","0","0","948","Vilandi Payal","7500","-7","amru9027@gmail.com","Pending",
"658","2015-07-16 05:36:39","Completed","0","0","0","1012","Micro Payal","700","-7","amru9027@gmail.com","Pending",
"659","2015-07-16 05:36:53","Completed","0","0","0","374","Vilandi Set ","7000","-7","amru9027@gmail.com","Pending",
"659","2015-07-16 05:36:53","Completed","0","0","0","948","Vilandi Payal","7500","-7","amru9027@gmail.com","Pending",
"659","2015-07-16 05:36:53","Completed","0","0","0","1012","Micro Payal","700","-7","amru9027@gmail.com","Pending",
"660","2015-07-16 05:36:53","Completed","0","0","0","374","Vilandi Set ","7000","-7","amru9027@gmail.com","Pending",
"660","2015-07-16 05:36:53","Completed","0","0","0","948","Vilandi Payal","7500","-7","amru9027@gmail.com","Pending",
"660","2015-07-16 05:36:53","Completed","0","0","0","1012","Micro Payal","700","-7","amru9027@gmail.com","Pending",
"661","2015-07-16 05:36:55","Completed","0","0","0","374","Vilandi Set ","7000","-7","amru9027@gmail.com","Pending",
"661","2015-07-16 05:36:55","Completed","0","0","0","948","Vilandi Payal","7500","-7","amru9027@gmail.com","Pending",
"661","2015-07-16 05:36:55","Completed","0","0","0","1012","Micro Payal","700","-7","amru9027@gmail.com","Pending",
"662","2015-07-16 05:36:56","Completed","0","0","0","374","Vilandi Set ","7000","-7","amru9027@gmail.com","Pending",
"662","2015-07-16 05:36:56","Completed","0","0","0","948","Vilandi Payal","7500","-7","amru9027@gmail.com","Pending",
"662","2015-07-16 05:36:56","Completed","0","0","0","1012","Micro Payal","700","-7","amru9027@gmail.com","Pending",
"663","2015-07-16 05:36:56","Completed","0","0","0","374","Vilandi Set ","7000","-7","amru9027@gmail.com","Pending",
"663","2015-07-16 05:36:56","Completed","0","0","0","948","Vilandi Payal","7500","-7","amru9027@gmail.com","Pending",
"663","2015-07-16 05:36:56","Completed","0","0","0","1012","Micro Payal","700","-7","amru9027@gmail.com","Pending",
"664","2015-07-16 05:36:57","Completed","0","0","0","374","Vilandi Set ","7000","-7","amru9027@gmail.com","Pending",
"664","2015-07-16 05:36:57","Completed","0","0","0","948","Vilandi Payal","7500","-7","amru9027@gmail.com","Pending",
"664","2015-07-16 05:36:57","Completed","0","0","0","1012","Micro Payal","700","-7","amru9027@gmail.com","Pending",
"665","2015-07-16 05:36:57","Completed","0","0","0","374","Vilandi Set ","7000","-7","amru9027@gmail.com","Pending",
"666","2015-07-16 05:36:57","Completed","0","0","0","374","Vilandi Set ","7000","-7","amru9027@gmail.com","Pending",
"665","2015-07-16 05:36:57","Completed","0","0","0","948","Vilandi Payal","7500","-7","amru9027@gmail.com","Pending",
"666","2015-07-16 05:36:57","Completed","0","0","0","948","Vilandi Payal","7500","-7","amru9027@gmail.com","Pending",
"665","2015-07-16 05:36:57","Completed","0","0","0","1012","Micro Payal","700","-7","amru9027@gmail.com","Pending",
"666","2015-07-16 05:36:57","Completed","0","0","0","1012","Micro Payal","700","-7","amru9027@gmail.com","Pending",
"667","2015-07-16 05:36:58","Completed","0","0","0","374","Vilandi Set ","7000","-7","amru9027@gmail.com","Pending",
"667","2015-07-16 05:36:58","Completed","0","0","0","948","Vilandi Payal","7500","-7","amru9027@gmail.com","Pending",
"667","2015-07-16 05:36:58","Completed","0","0","0","1012","Micro Payal","700","-7","amru9027@gmail.com","Pending",
"668","2015-07-16 05:36:58","Completed","0","0","0","374","Vilandi Set ","7000","-7","amru9027@gmail.com","Pending",
"668","2015-07-16 05:36:58","Completed","0","0","0","948","Vilandi Payal","7500","-7","amru9027@gmail.com","Pending",
"668","2015-07-16 05:36:58","Completed","0","0","0","1012","Micro Payal","700","-7","amru9027@gmail.com","Pending",
"669","2015-07-16 05:36:59","Completed","0","0","0","374","Vilandi Set ","7000","-7","amru9027@gmail.com","Pending",
"669","2015-07-16 05:36:59","Completed","0","0","0","948","Vilandi Payal","7500","-7","amru9027@gmail.com","Pending",
"670","2015-07-16 05:36:59","Completed","0","0","0","374","Vilandi Set ","7000","-7","amru9027@gmail.com","Pending",
"671","2015-07-16 05:36:59","Completed","0","0","0","374","Vilandi Set ","7000","-7","amru9027@gmail.com","Pending",
"669","2015-07-16 05:36:59","Completed","0","0","0","1012","Micro Payal","700","-7","amru9027@gmail.com","Pending",
"670","2015-07-16 05:36:59","Completed","0","0","0","948","Vilandi Payal","7500","-7","amru9027@gmail.com","Pending",
"671","2015-07-16 05:36:59","Completed","0","0","0","948","Vilandi Payal","7500","-7","amru9027@gmail.com","Pending",
"671","2015-07-16 05:36:59","Completed","0","0","0","1012","Micro Payal","700","-7","amru9027@gmail.com","Pending",
"670","2015-07-16 05:36:59","Completed","0","0","0","1012","Micro Payal","700","-7","amru9027@gmail.com","Pending",
"672","2015-07-16 05:36:59","Completed","0","0","0","374","Vilandi Set ","7000","-7","amru9027@gmail.com","Pending",
"672","2015-07-16 05:36:59","Completed","0","0","0","948","Vilandi Payal","7500","-7","amru9027@gmail.com","Pending",
"672","2015-07-16 05:36:59","Completed","0","0","0","1012","Micro Payal","700","-7","amru9027@gmail.com","Pending",
"673","2015-07-17 12:36:01","Completed","0","0","0","617","Frosted Set","11500","8","qwe@aeqwe.qweqe","Pending",
"675","2015-07-20 14:03:40","Completed","0","0","0","505","Pearl Mala","2150","9","mcd@gmail.com","Pending",
"675","2015-07-20 14:03:40","Completed","0","0","0","497","Pearl Mala","18800","9","mcd@gmail.com","Pending",
"678","2015-07-22 20:02:05","Completed","0","0","0","450","American Diamond Necklace Set","9150","10","baheti.swati@gmail.com","Pending",
"678","2015-07-22 20:02:05","Completed","0","0","0","663","American Diamond Set","52500","9","baheti.swati@gmail.com","Pending",
"679","2015-07-28 14:59:56","Completed","0","0","0","2","American Diamond Bangle","2795","10","assas@gmail.com","Pending",
"680","2015-07-28 15:00:00","Completed","0","0","0","2","American Diamond Bangle","2795","10","assas@gmail.com","Pending",
"681","2015-07-28 15:00:01","Completed","0","0","0","2","American Diamond Bangle","2795","10","assas@gmail.com","Pending",
"682","2015-07-28 15:00:01","Completed","0","0","0","2","American Diamond Bangle","2795","10","assas@gmail.com","Pending",
"683","2015-07-28 15:00:02","Completed","0","0","0","2","American Diamond Bangle","2795","10","assas@gmail.com","Pending",
"684","2015-07-28 15:00:02","Completed","0","0","0","2","American Diamond Bangle","2795","10","assas@gmail.com","Pending",
"685","2015-07-28 15:00:02","Completed","0","0","0","2","American Diamond Bangle","2795","10","assas@gmail.com","Pending",
"686","2015-07-28 15:00:03","Completed","0","0","0","2","American Diamond Bangle","2795","10","assas@gmail.com","Pending",
"687","2015-07-28 15:00:03","Completed","0","0","0","2","American Diamond Bangle","2795","10","assas@gmail.com","Pending",
"691","2015-07-29 14:42:47","Completed","0","0","0","664","American Diamond Set","40000","9","seo@ambestmedia.com","Pending",
"692","2015-08-05 13:46:19","Completed","0","0","0","320","American Diamond Bangle","35000","10","nalin@accessinfoworld.com","Pending",
"693","2015-08-05 13:46:27","Completed","0","0","0","320","American Diamond Bangle","35000","10","nalin@accessinfoworld.com","Pending",
"694","2015-08-05 13:46:29","Completed","0","0","0","320","American Diamond Bangle","35000","10","nalin@accessinfoworld.com","Pending",
"695","2015-08-05 13:46:45","Completed","0","0","0","320","American Diamond Bangle","35000","10","nalin@accessinfoworld.com","Pending",
"696","2015-08-05 13:46:47","Completed","0","0","0","320","American Diamond Bangle","35000","10","nalin@accessinfoworld.com","Pending",
"697","2015-08-05 13:46:47","Completed","0","0","0","320","American Diamond Bangle","35000","10","nalin@accessinfoworld.com","Pending",
"698","2015-08-05 13:46:48","Completed","0","0","0","320","American Diamond Bangle","35000","10","nalin@accessinfoworld.com","Pending",
"699","2015-08-05 13:46:48","Completed","0","0","0","320","American Diamond Bangle","35000","10","nalin@accessinfoworld.com","Pending",
"700","2015-08-05 13:46:48","Completed","0","0","0","320","American Diamond Bangle","35000","10","nalin@accessinfoworld.com","Pending",
"701","2015-08-05 13:46:48","Completed","0","0","0","320","American Diamond Bangle","35000","10","nalin@accessinfoworld.com","Pending",
"702","2015-08-05 13:46:52","Completed","0","0","0","320","American Diamond Bangle","35000","10","nalin@accessinfoworld.com","Pending",
"703","2015-08-05 13:46:53","Completed","0","0","0","320","American Diamond Bangle","35000","10","nalin@accessinfoworld.com","Pending",
"704","2015-08-05 13:46:53","Completed","0","0","0","320","American Diamond Bangle","35000","10","nalin@accessinfoworld.com","Pending",
"705","2015-08-05 13:46:53","Completed","0","0","0","320","American Diamond Bangle","35000","10","nalin@accessinfoworld.com","Pending",
"706","2015-08-05 13:46:54","Completed","0","0","0","320","American Diamond Bangle","35000","10","nalin@accessinfoworld.com","Pending",
"707","2015-08-05 13:46:54","Completed","0","0","0","320","American Diamond Bangle","35000","10","nalin@accessinfoworld.com","Pending",
"708","2015-08-05 13:46:54","Completed","0","0","0","320","American Diamond Bangle","35000","10","nalin@accessinfoworld.com","Pending",
"709","2015-08-05 13:46:55","Completed","0","0","0","320","American Diamond Bangle","35000","10","nalin@accessinfoworld.com","Pending",
"710","2015-08-05 13:47:00","Completed","0","0","0","320","American Diamond Bangle","35000","10","nalin@accessinfoworld.com","Pending",
"711","2015-08-05 13:47:00","Completed","0","0","0","320","American Diamond Bangle","35000","10","nalin@accessinfoworld.com","Pending",
"712","2015-08-05 13:47:00","Completed","0","0","0","320","American Diamond Bangle","35000","10","nalin@accessinfoworld.com","Pending",
"713","2015-08-05 13:47:01","Completed","0","0","0","320","American Diamond Bangle","35000","10","nalin@accessinfoworld.com","Pending",
"714","2015-08-05 13:47:01","Completed","0","0","0","320","American Diamond Bangle","35000","10","nalin@accessinfoworld.com","Pending",
"715","2015-08-05 13:47:01","Completed","0","0","0","320","American Diamond Bangle","35000","10","nalin@accessinfoworld.com","Pending",
"716","2015-08-05 21:01:45","Completed","0","0","0","386","Vilandi Set ","22950","9","parul.daweshar@gmail.com","Pending",
"717","2015-08-14 12:00:26","Completed","0","0","0","679","American Diamond Kada","34500","2","devdattapatankar@gmail.com","Pending",
"718","2015-08-14 12:00:31","Completed","0","0","0","679","American Diamond Kada","34500","2","devdattapatankar@gmail.com","Pending",
"719","2015-08-14 12:00:34","Completed","0","0","0","679","American Diamond Kada","34500","2","devdattapatankar@gmail.com","Pending",
"720","2015-08-14 12:00:42","Completed","0","0","0","679","American Diamond Kada","34500","2","devdattapatankar@gmail.com","Pending",
"721","2015-08-14 12:00:43","Completed","0","0","0","679","American Diamond Kada","34500","2","devdattapatankar@gmail.com","Pending",
"722","2015-08-14 12:00:43","Completed","0","0","0","679","American Diamond Kada","34500","2","devdattapatankar@gmail.com","Pending",
"723","2015-08-14 12:00:43","Completed","0","0","0","679","American Diamond Kada","34500","2","devdattapatankar@gmail.com","Pending",
"724","2015-08-14 12:00:44","Completed","0","0","0","679","American Diamond Kada","34500","2","devdattapatankar@gmail.com","Pending",
"726","2015-08-14 17:55:10","Completed","0","0","0","966","Vilandi Necklace Set","18000","9","shn619@gmail.com","Pending",
